s3BucketName,date,spaceUsed
aws-sam-cli-managed-default-samclisourcebucket-4y22qhnbm8zx,2026-08-25,19983504
capgemini-s3,2026-08-25,2183813
cdk-hnb659fds-assets-185822987739-eu-central-1,2026-08-25,36278837
cdk-hnb659fds-assets-185822987739-us-east-1,2026-08-25,86076714
coolify-raspi5-02,2026-08-25,0
coolify-scraper-backup,2026-08-25,6505591
docker-volume-backup-coolify-6,2026-08-25,5640150300
docker-volume-backup-open-webui-raspi2,2026-08-25,3416892089
docker-volume-backup-owncloud-raspi2,2026-08-25,1113852521
docker-volume-backup-paperless-raspi2,2026-08-25,60517918
nextcloud.xtra.tools,2026-08-25,0
prod-nextjs-13-plain-site-sites3bucket2b2851f3-8ys8onxlbw8e,2026-08-25,1100999
prod-nextjs-aws-sst-starter-sites3bucket2b2851f3-io3hik7bjwar,2026-08-25,1002551
schminkel-chatbot-files,2026-08-25,30904152
schminkel-comfyui,2026-08-25,23213253
schminkel-coolify-116.203.89.76,2026-08-25,0
schminkel-coolify-5.75.142.123,2026-08-25,21259489
schminkel-coolify-91.99.8.91,2026-08-25,59582685
schminkel-coolify-94.130.56.167,2026-08-25,304330503
schminkel-de,2026-08-25,2251228724
schminkel-de-2026,2026-08-25,12151665
schminkel-de-backups,2026-08-25,4669335505
schminkel-digital,2026-08-25,19412748
schminkel-dynamodb-exports,2026-08-25,5116
schminkel-email,2026-08-25,504263
schminkel-email-plaintext,2026-08-25,29155
schminkel-email-thorsten-schminkel-digital,2026-08-25,38925911
schminkel-ente,2026-08-25,2947314545
schminkel-favicon-bucket,2026-08-25,294839
schminkel-lambda-layer,2026-08-25,25113007
schminkel-large-files-569d920a-b271-4e2c-8302-84c28b6c08a7,2026-08-25,1284886381
schminkel-payload-3.0,2026-08-25,62745372
schminkel-payload-demo-3.0,2026-08-25,0
schminkel-payload-digital,2026-08-25,42663578
schminkel-payload-financials,2026-08-25,2764837
schminkel-payload-financials-dev,2026-08-25,2758654
schminkel-payload-financials-local,2026-08-25,2778017
schminkel-payload-lightgallery,2026-08-25,405906771
schminkel-payload-lightgallery-dev,2026-08-25,482610112
schminkel-photo-gallery,2026-08-25,119778256
schminkel-photo-net,2026-08-25,80255909
schminkel-photos,2026-08-25,1766315955
schminkel-public,2026-08-25,2005363
schminkel-test-lambda-bucket,2026-08-25,43293554
schminkel-transcribe-audio-input-bucket,2026-08-25,15754306
schminkel-transcribe-audio-output-bucket,2026-08-25,180355
schminkel-transcription,2026-08-25,4981693
tschminkel-my-nextjs-sst-app-sites3bucket2b2851f3-fpkhlm3c1jp5,2026-08-25,1023336
all,2026-08-25,25108852846
aws-sam-cli-managed-default-samclisourcebucket-4y22qhnbm8zx,2026-08-26,19983504
capgemini-s3,2026-08-26,2183813
cdk-hnb659fds-assets-185822987739-eu-central-1,2026-08-26,36278837
cdk-hnb659fds-assets-185822987739-us-east-1,2026-08-26,86076714
coolify-raspi5-02,2026-08-26,0
coolify-scraper-backup,2026-08-26,6505591
docker-volume-backup-coolify-6,2026-08-26,5632218736
docker-volume-backup-open-webui-raspi2,2026-08-26,3416892089
docker-volume-backup-owncloud-raspi2,2026-08-26,1113852521
docker-volume-backup-paperless-raspi2,2026-08-26,60517918
nextcloud.xtra.tools,2026-08-26,0
prod-nextjs-13-plain-site-sites3bucket2b2851f3-8ys8onxlbw8e,2026-08-26,1100999
prod-nextjs-aws-sst-starter-sites3bucket2b2851f3-io3hik7bjwar,2026-08-26,1002551
schminkel-chatbot-files,2026-08-26,30904152
schminkel-comfyui,2026-08-26,23213253
schminkel-coolify-116.203.89.76,2026-08-26,0
schminkel-coolify-5.75.142.123,2026-08-26,21259489
schminkel-coolify-91.99.8.91,2026-08-26,55729248
schminkel-coolify-94.130.56.167,2026-08-26,304330503
schminkel-de,2026-08-26,2251228724
schminkel-de-2026,2026-08-26,12151665
schminkel-de-backups,2026-08-26,4669335505
schminkel-digital,2026-08-26,19412748
schminkel-dynamodb-exports,2026-08-26,5116
schminkel-email,2026-08-26,504263
schminkel-email-plaintext,2026-08-26,29155
schminkel-email-thorsten-schminkel-digital,2026-08-26,38925911
schminkel-ente,2026-08-26,2947314545
schminkel-favicon-bucket,2026-08-26,294839
schminkel-lambda-layer,2026-08-26,25113007
schminkel-large-files-569d920a-b271-4e2c-8302-84c28b6c08a7,2026-08-26,1284886381
schminkel-payload-3.0,2026-08-26,62745372
schminkel-payload-demo-3.0,2026-08-26,0
schminkel-payload-digital,2026-08-26,42663578
schminkel-payload-financials,2026-08-26,2764837
schminkel-payload-financials-dev,2026-08-26,2758654
schminkel-payload-financials-local,2026-08-26,2778017
schminkel-payload-lightgallery,2026-08-26,405906771
schminkel-payload-lightgallery-dev,2026-08-26,482610112
schminkel-photo-gallery,2026-08-26,119778256
schminkel-photo-net,2026-08-26,80255909
schminkel-photos,2026-08-26,1766315955
schminkel-public,2026-08-26,2005363
schminkel-test-lambda-bucket,2026-08-26,43293554
schminkel-transcribe-audio-input-bucket,2026-08-26,15754306
schminkel-transcribe-audio-output-bucket,2026-08-26,180355
schminkel-transcription,2026-08-26,4981693
tschminkel-my-nextjs-sst-app-sites3bucket2b2851f3-fpkhlm3c1jp5,2026-08-26,1023336
all,2026-08-26,25097067845
aws-sam-cli-managed-default-samclisourcebucket-4y22qhnbm8zx,2026-08-27,19983504
capgemini-s3,2026-08-27,2183813
cdk-hnb659fds-assets-185822987739-eu-central-1,2026-08-27,36278837
cdk-hnb659fds-assets-185822987739-us-east-1,2026-08-27,86076714
coolify-raspi5-02,2026-08-27,0
coolify-scraper-backup,2026-08-27,6505591
docker-volume-backup-coolify-6,2026-08-27,5624487745
docker-volume-backup-open-webui-raspi2,2026-08-27,3416892089
docker-volume-backup-owncloud-raspi2,2026-08-27,1113852521
docker-volume-backup-paperless-raspi2,2026-08-27,60517918
nextcloud.xtra.tools,2026-08-27,0
prod-nextjs-13-plain-site-sites3bucket2b2851f3-8ys8onxlbw8e,2026-08-27,1100999
prod-nextjs-aws-sst-starter-sites3bucket2b2851f3-io3hik7bjwar,2026-08-27,1002551
schminkel-chatbot-files,2026-08-27,30904152
schminkel-comfyui,2026-08-27,23213253
schminkel-coolify-116.203.89.76,2026-08-27,0
schminkel-coolify-5.75.142.123,2026-08-27,21259489
schminkel-coolify-91.99.8.91,2026-08-27,52020093
schminkel-coolify-94.130.56.167,2026-08-27,304330503
schminkel-de,2026-08-27,2251228724
schminkel-de-2026,2026-08-27,12151665
schminkel-de-backups,2026-08-27,4669335505
schminkel-digital,2026-08-27,19412748
schminkel-dynamodb-exports,2026-08-27,5116
schminkel-email,2026-08-27,504263
schminkel-email-plaintext,2026-08-27,29155
schminkel-email-thorsten-schminkel-digital,2026-08-27,38925911
schminkel-ente,2026-08-27,2947314545
schminkel-favicon-bucket,2026-08-27,294839
schminkel-lambda-layer,2026-08-27,25113007
schminkel-large-files-569d920a-b271-4e2c-8302-84c28b6c08a7,2026-08-27,1284886381
schminkel-payload-3.0,2026-08-27,62745372
schminkel-payload-demo-3.0,2026-08-27,0
schminkel-payload-digital,2026-08-27,42663578
schminkel-payload-financials,2026-08-27,2764837
schminkel-payload-financials-dev,2026-08-27,2758654
schminkel-payload-financials-local,2026-08-27,2778017
schminkel-payload-lightgallery,2026-08-27,405906771
schminkel-payload-lightgallery-dev,2026-08-27,482610112
schminkel-photo-gallery,2026-08-27,119778256
schminkel-photo-net,2026-08-27,80255909
schminkel-photos,2026-08-27,1766315955
schminkel-public,2026-08-27,2005363
schminkel-test-lambda-bucket,2026-08-27,43293554
schminkel-transcribe-audio-input-bucket,2026-08-27,15754306
schminkel-transcribe-audio-output-bucket,2026-08-27,180355
schminkel-transcription,2026-08-27,4981693
tschminkel-my-nextjs-sst-app-sites3bucket2b2851f3-fpkhlm3c1jp5,2026-08-27,1023336
all,2026-08-27,25085627699
aws-sam-cli-managed-default-samclisourcebucket-4y22qhnbm8zx,2026-08-28,19983504
capgemini-s3,2026-08-28,2183813
cdk-hnb659fds-assets-185822987739-eu-central-1,2026-08-28,36278837
cdk-hnb659fds-assets-185822987739-us-east-1,2026-08-28,86076714
coolify-raspi5-02,2026-08-28,0
coolify-scraper-backup,2026-08-28,6505591
docker-volume-backup-coolify-6,2026-08-28,5618833368
docker-volume-backup-open-webui-raspi2,2026-08-28,3416892089
docker-volume-backup-owncloud-raspi2,2026-08-28,1113852521
docker-volume-backup-paperless-raspi2,2026-08-28,60517918
nextcloud.xtra.tools,2026-08-28,0
prod-nextjs-13-plain-site-sites3bucket2b2851f3-8ys8onxlbw8e,2026-08-28,1100999
prod-nextjs-aws-sst-starter-sites3bucket2b2851f3-io3hik7bjwar,2026-08-28,1002551
schminkel-chatbot-files,2026-08-28,30904152
schminkel-comfyui,2026-08-28,23213253
schminkel-coolify-116.203.89.76,2026-08-28,0
schminkel-coolify-5.75.142.123,2026-08-28,21259489
schminkel-coolify-91.99.8.91,2026-08-28,48140154
schminkel-coolify-94.130.56.167,2026-08-28,304330503
schminkel-de,2026-08-28,2251228724
schminkel-de-2026,2026-08-28,12151665
schminkel-de-backups,2026-08-28,4669335505
schminkel-digital,2026-08-28,19412748
schminkel-dynamodb-exports,2026-08-28,5116
schminkel-email,2026-08-28,504263
schminkel-email-plaintext,2026-08-28,29155
schminkel-email-thorsten-schminkel-digital,2026-08-28,38925911
schminkel-ente,2026-08-28,2947314545
schminkel-favicon-bucket,2026-08-28,294839
schminkel-lambda-layer,2026-08-28,25113007
schminkel-large-files-569d920a-b271-4e2c-8302-84c28b6c08a7,2026-08-28,1284886381
schminkel-payload-3.0,2026-08-28,62745372
schminkel-payload-demo-3.0,2026-08-28,0
schminkel-payload-digital,2026-08-28,42663578
schminkel-payload-financials,2026-08-28,2764837
schminkel-payload-financials-dev,2026-08-28,2758654
schminkel-payload-financials-local,2026-08-28,2778017
schminkel-payload-lightgallery,2026-08-28,405906771
schminkel-payload-lightgallery-dev,2026-08-28,482610112
schminkel-photo-gallery,2026-08-28,119778256
schminkel-photo-net,2026-08-28,80255909
schminkel-photos,2026-08-28,1766315955
schminkel-public,2026-08-28,2005363
schminkel-test-lambda-bucket,2026-08-28,43293554
schminkel-transcribe-audio-input-bucket,2026-08-28,15754306
schminkel-transcribe-audio-output-bucket,2026-08-28,180355
schminkel-transcription,2026-08-28,4981693
tschminkel-my-nextjs-sst-app-sites3bucket2b2851f3-fpkhlm3c1jp5,2026-08-28,1023336
all,2026-08-28,25076093383
aws-sam-cli-managed-default-samclisourcebucket-4y22qhnbm8zx,2026-08-29,19983504
capgemini-s3,2026-08-29,2183813
cdk-hnb659fds-assets-185822987739-eu-central-1,2026-08-29,36278837
cdk-hnb659fds-assets-185822987739-us-east-1,2026-08-29,86076714
coolify-raspi5-02,2026-08-29,0
coolify-scraper-backup,2026-08-29,6505591
docker-volume-backup-coolify-6,2026-08-29,5612665335
docker-volume-backup-open-webui-raspi2,2026-08-29,3416892089
docker-volume-backup-owncloud-raspi2,2026-08-29,1113852521
docker-volume-backup-paperless-raspi2,2026-08-29,60517918
nextcloud.xtra.tools,2026-08-29,0
prod-nextjs-13-plain-site-sites3bucket2b2851f3-8ys8onxlbw8e,2026-08-29,1100999
prod-nextjs-aws-sst-starter-sites3bucket2b2851f3-io3hik7bjwar,2026-08-29,1002551
schminkel-chatbot-files,2026-08-29,30904152
schminkel-comfyui,2026-08-29,23213253
schminkel-coolify-116.203.89.76,2026-08-29,0
schminkel-coolify-5.75.142.123,2026-08-29,21259489
schminkel-coolify-91.99.8.91,2026-08-29,44365996
schminkel-coolify-94.130.56.167,2026-08-29,304330503
schminkel-de,2026-08-29,2251228724
schminkel-de-2026,2026-08-29,12151665
schminkel-de-backups,2026-08-29,4669335505
schminkel-digital,2026-08-29,19412748
schminkel-dynamodb-exports,2026-08-29,5116
schminkel-email,2026-08-29,504263
schminkel-email-plaintext,2026-08-29,29155
schminkel-email-thorsten-schminkel-digital,2026-08-29,38925911
schminkel-ente,2026-08-29,2947314545
schminkel-favicon-bucket,2026-08-29,294839
schminkel-lambda-layer,2026-08-29,25113007
schminkel-large-files-569d920a-b271-4e2c-8302-84c28b6c08a7,2026-08-29,1284886381
schminkel-payload-3.0,2026-08-29,62745372
schminkel-payload-demo-3.0,2026-08-29,0
schminkel-payload-digital,2026-08-29,42663578
schminkel-payload-financials,2026-08-29,2764837
schminkel-payload-financials-dev,2026-08-29,2758654
schminkel-payload-financials-local,2026-08-29,2778017
schminkel-payload-lightgallery,2026-08-29,405906771
schminkel-payload-lightgallery-dev,2026-08-29,482610112
schminkel-photo-gallery,2026-08-29,119778256
schminkel-photo-net,2026-08-29,80255909
schminkel-photos,2026-08-29,1766315955
schminkel-public,2026-08-29,2005363
schminkel-test-lambda-bucket,2026-08-29,43293554
schminkel-transcribe-audio-input-bucket,2026-08-29,15754306
schminkel-transcribe-audio-output-bucket,2026-08-29,180355
schminkel-transcription,2026-08-29,4981693
tschminkel-my-nextjs-sst-app-sites3bucket2b2851f3-fpkhlm3c1jp5,2026-08-29,1023336
all,2026-08-29,25066151192
aws-sam-cli-managed-default-samclisourcebucket-4y22qhnbm8zx,2026-08-30,19983504
capgemini-s3,2026-08-30,2183813
cdk-hnb659fds-assets-185822987739-eu-central-1,2026-08-30,36278837
cdk-hnb659fds-assets-185822987739-us-east-1,2026-08-30,86076714
coolify-raspi5-02,2026-08-30,0
coolify-scraper-backup,2026-08-30,6505591
docker-volume-backup-coolify-6,2026-08-30,5606654741
docker-volume-backup-open-webui-raspi2,2026-08-30,3416892089
docker-volume-backup-owncloud-raspi2,2026-08-30,1113852521
docker-volume-backup-paperless-raspi2,2026-08-30,60517918
nextcloud.xtra.tools,2026-08-30,0
prod-nextjs-13-plain-site-sites3bucket2b2851f3-8ys8onxlbw8e,2026-08-30,1100999
prod-nextjs-aws-sst-starter-sites3bucket2b2851f3-io3hik7bjwar,2026-08-30,1002551
schminkel-chatbot-files,2026-08-30,30904152
schminkel-comfyui,2026-08-30,23213253
schminkel-coolify-116.203.89.76,2026-08-30,0
schminkel-coolify-5.75.142.123,2026-08-30,21259489
schminkel-coolify-91.99.8.91,2026-08-30,47086480
schminkel-coolify-94.130.56.167,2026-08-30,304330503
schminkel-de,2026-08-30,2251228724
schminkel-de-2026,2026-08-30,12151665
schminkel-de-backups,2026-08-30,4669335505
schminkel-digital,2026-08-30,19412748
schminkel-dynamodb-exports,2026-08-30,5116
schminkel-email,2026-08-30,504263
schminkel-email-plaintext,2026-08-30,29155
schminkel-email-thorsten-schminkel-digital,2026-08-30,38925911
schminkel-ente,2026-08-30,2947314545
schminkel-favicon-bucket,2026-08-30,294839
schminkel-lambda-layer,2026-08-30,25113007
schminkel-large-files-569d920a-b271-4e2c-8302-84c28b6c08a7,2026-08-30,1284886381
schminkel-payload-3.0,2026-08-30,62745372
schminkel-payload-demo-3.0,2026-08-30,0
schminkel-payload-digital,2026-08-30,42663578
schminkel-payload-financials,2026-08-30,2764837
schminkel-payload-financials-dev,2026-08-30,2758654
schminkel-payload-financials-local,2026-08-30,2778017
schminkel-payload-lightgallery,2026-08-30,405906771
schminkel-payload-lightgallery-dev,2026-08-30,482610112
schminkel-photo-gallery,2026-08-30,119778256
schminkel-photo-net,2026-08-30,80255909
schminkel-photos,2026-08-30,1766315955
schminkel-public,2026-08-30,2005363
schminkel-test-lambda-bucket,2026-08-30,43293554
schminkel-transcribe-audio-input-bucket,2026-08-30,15754306
schminkel-transcribe-audio-output-bucket,2026-08-30,180355
schminkel-transcription,2026-08-30,4981693
tschminkel-my-nextjs-sst-app-sites3bucket2b2851f3-fpkhlm3c1jp5,2026-08-30,1023336
all,2026-08-30,25062861082
aws-sam-cli-managed-default-samclisourcebucket-4y22qhnbm8zx,2026-08-31,19983504
capgemini-s3,2026-08-31,2183813
cdk-hnb659fds-assets-185822987739-eu-central-1,2026-08-31,36278837
cdk-hnb659fds-assets-185822987739-us-east-1,2026-08-31,86076714
coolify-raspi5-02,2026-08-31,0
coolify-scraper-backup,2026-08-31,6505591
docker-volume-backup-coolify-6,2026-08-31,5604719624
docker-volume-backup-open-webui-raspi2,2026-08-31,3416892089
docker-volume-backup-owncloud-raspi2,2026-08-31,1113852521
docker-volume-backup-paperless-raspi2,2026-08-31,60517918
nextcloud.xtra.tools,2026-08-31,0
prod-nextjs-13-plain-site-sites3bucket2b2851f3-8ys8onxlbw8e,2026-08-31,1100999
prod-nextjs-aws-sst-starter-sites3bucket2b2851f3-io3hik7bjwar,2026-08-31,1002551
schminkel-chatbot-files,2026-08-31,30904152
schminkel-comfyui,2026-08-31,23213253
schminkel-coolify-116.203.89.76,2026-08-31,0
schminkel-coolify-5.75.142.123,2026-08-31,21259489
schminkel-coolify-91.99.8.91,2026-08-31,49751890
schminkel-coolify-94.130.56.167,2026-08-31,304330503
schminkel-de,2026-08-31,2251228724
schminkel-de-2026,2026-08-31,12151665
schminkel-de-backups,2026-08-31,4669335505
schminkel-digital,2026-08-31,19412748
schminkel-dynamodb-exports,2026-08-31,5116
schminkel-email,2026-08-31,504263
schminkel-email-plaintext,2026-08-31,29155
schminkel-email-thorsten-schminkel-digital,2026-08-31,38925911
schminkel-ente,2026-08-31,2947314545
schminkel-favicon-bucket,2026-08-31,294839
schminkel-lambda-layer,2026-08-31,25113007
schminkel-large-files-569d920a-b271-4e2c-8302-84c28b6c08a7,2026-08-31,1284886381
schminkel-payload-3.0,2026-08-31,62745372
schminkel-payload-demo-3.0,2026-08-31,0
schminkel-payload-digital,2026-08-31,42663578
schminkel-payload-financials,2026-08-31,2764837
schminkel-payload-financials-dev,2026-08-31,2758654
schminkel-payload-financials-local,2026-08-31,2778017
schminkel-payload-lightgallery,2026-08-31,405906771
schminkel-payload-lightgallery-dev,2026-08-31,482610112
schminkel-photo-gallery,2026-08-31,119778256
schminkel-photo-net,2026-08-31,80255909
schminkel-photos,2026-08-31,1766315955
schminkel-public,2026-08-31,2005363
schminkel-test-lambda-bucket,2026-08-31,43293554
schminkel-transcribe-audio-input-bucket,2026-08-31,15754306
schminkel-transcribe-audio-output-bucket,2026-08-31,180355
schminkel-transcription,2026-08-31,4981693
tschminkel-my-nextjs-sst-app-sites3bucket2b2851f3-fpkhlm3c1jp5,2026-08-31,1023336
all,2026-08-31,25063591375
aws-sam-cli-managed-default-samclisourcebucket-4y22qhnbm8zx,2026-09-01,19983504
capgemini-s3,2026-09-01,2183813
cdk-hnb659fds-assets-185822987739-eu-central-1,2026-09-01,36278837
cdk-hnb659fds-assets-185822987739-us-east-1,2026-09-01,86076714
coolify-raspi5-02,2026-09-01,0
coolify-scraper-backup,2026-09-01,6505591
docker-volume-backup-coolify-6,2026-09-01,5599586909
docker-volume-backup-open-webui-raspi2,2026-09-01,3416892089
docker-volume-backup-owncloud-raspi2,2026-09-01,1113852521
docker-volume-backup-paperless-raspi2,2026-09-01,60517918
nextcloud.xtra.tools,2026-09-01,0
prod-nextjs-13-plain-site-sites3bucket2b2851f3-8ys8onxlbw8e,2026-09-01,1100999
prod-nextjs-aws-sst-starter-sites3bucket2b2851f3-io3hik7bjwar,2026-09-01,1002551
schminkel-chatbot-files,2026-09-01,30904152
schminkel-comfyui,2026-09-01,23213253
schminkel-coolify-116.203.89.76,2026-09-01,0
schminkel-coolify-5.75.142.123,2026-09-01,21259489
schminkel-coolify-91.99.8.91,2026-09-01,51578465
schminkel-coolify-94.130.56.167,2026-09-01,304330503
schminkel-de,2026-09-01,2251228724
schminkel-de-2026,2026-09-01,12151665
schminkel-de-backups,2026-09-01,4669335505
schminkel-digital,2026-09-01,19412748
schminkel-dynamodb-exports,2026-09-01,5116
schminkel-email,2026-09-01,504263
schminkel-email-plaintext,2026-09-01,29155
schminkel-email-thorsten-schminkel-digital,2026-09-01,38925911
schminkel-ente,2026-09-01,2947314545
schminkel-favicon-bucket,2026-09-01,294839
schminkel-lambda-layer,2026-09-01,25113007
schminkel-large-files-569d920a-b271-4e2c-8302-84c28b6c08a7,2026-09-01,1284886381
schminkel-payload-3.0,2026-09-01,62745372
schminkel-payload-demo-3.0,2026-09-01,0
schminkel-payload-digital,2026-09-01,42663578
schminkel-payload-financials,2026-09-01,2764837
schminkel-payload-financials-dev,2026-09-01,2758654
schminkel-payload-financials-local,2026-09-01,2778017
schminkel-payload-lightgallery,2026-09-01,405906771
schminkel-payload-lightgallery-dev,2026-09-01,482610112
schminkel-photo-gallery,2026-09-01,119778256
schminkel-photo-net,2026-09-01,80255909
schminkel-photos,2026-09-01,1766315955
schminkel-public,2026-09-01,2005363
schminkel-test-lambda-bucket,2026-09-01,43293554
schminkel-transcribe-audio-input-bucket,2026-09-01,15754306
schminkel-transcribe-audio-output-bucket,2026-09-01,180355
schminkel-transcription,2026-09-01,4981693
tschminkel-my-nextjs-sst-app-sites3bucket2b2851f3-fpkhlm3c1jp5,2026-09-01,1023336
all,2026-09-01,25060285235
aws-sam-cli-managed-default-samclisourcebucket-4y22qhnbm8zx,2026-09-02,19983504
capgemini-s3,2026-09-02,2183813
cdk-hnb659fds-assets-185822987739-eu-central-1,2026-09-02,36278837
cdk-hnb659fds-assets-185822987739-us-east-1,2026-09-02,86076714
coolify-raspi5-02,2026-09-02,0
coolify-scraper-backup,2026-09-02,6505591
docker-volume-backup-coolify-6,2026-09-02,5602247696
docker-volume-backup-open-webui-raspi2,2026-09-02,3416892089
docker-volume-backup-owncloud-raspi2,2026-09-02,1113852521
docker-volume-backup-paperless-raspi2,2026-09-02,60517918
nextcloud.xtra.tools,2026-09-02,0
prod-nextjs-13-plain-site-sites3bucket2b2851f3-8ys8onxlbw8e,2026-09-02,1100999
prod-nextjs-aws-sst-starter-sites3bucket2b2851f3-io3hik7bjwar,2026-09-02,1002551
schminkel-chatbot-files,2026-09-02,30904152
schminkel-comfyui,2026-09-02,23213253
schminkel-coolify-116.203.89.76,2026-09-02,0
schminkel-coolify-5.75.142.123,2026-09-02,21259489
schminkel-coolify-91.99.8.91,2026-09-02,53442883
schminkel-coolify-94.130.56.167,2026-09-02,304330503
schminkel-de,2026-09-02,2251228724
schminkel-de-2026,2026-09-02,12151665
schminkel-de-backups,2026-09-02,4669335505
schminkel-digital,2026-09-02,19412748
schminkel-dynamodb-exports,2026-09-02,5116
schminkel-email,2026-09-02,504263
schminkel-email-plaintext,2026-09-02,29155
schminkel-email-thorsten-schminkel-digital,2026-09-02,38925911
schminkel-ente,2026-09-02,2947314545
schminkel-favicon-bucket,2026-09-02,294839
schminkel-lambda-layer,2026-09-02,25113007
schminkel-large-files-569d920a-b271-4e2c-8302-84c28b6c08a7,2026-09-02,1284886381
schminkel-payload-3.0,2026-09-02,62745372
schminkel-payload-demo-3.0,2026-09-02,0
schminkel-payload-digital,2026-09-02,42663578
schminkel-payload-financials,2026-09-02,2764837
schminkel-payload-financials-dev,2026-09-02,2758654
schminkel-payload-financials-local,2026-09-02,2778017
schminkel-payload-lightgallery,2026-09-02,405906771
schminkel-payload-lightgallery-dev,2026-09-02,482610112
schminkel-photo-gallery,2026-09-02,119778256
schminkel-photo-net,2026-09-02,80255909
schminkel-photos,2026-09-02,1766315955
schminkel-public,2026-09-02,2005363
schminkel-test-lambda-bucket,2026-09-02,43293554
schminkel-transcribe-audio-input-bucket,2026-09-02,15754306
schminkel-transcribe-audio-output-bucket,2026-09-02,180355
schminkel-transcription,2026-09-02,4981693
tschminkel-my-nextjs-sst-app-sites3bucket2b2851f3-fpkhlm3c1jp5,2026-09-02,1023336
all,2026-09-02,25064810440
aws-sam-cli-managed-default-samclisourcebucket-4y22qhnbm8zx,2026-09-03,19983504
capgemini-s3,2026-09-03,2183813
cdk-hnb659fds-assets-185822987739-eu-central-1,2026-09-03,36278837
cdk-hnb659fds-assets-185822987739-us-east-1,2026-09-03,86076714
coolify-raspi5-02,2026-09-03,0
coolify-scraper-backup,2026-09-03,6505591
docker-volume-backup-coolify-6,2026-09-03,5606575486
docker-volume-backup-open-webui-raspi2,2026-09-03,3416892089
docker-volume-backup-owncloud-raspi2,2026-09-03,1113852521
docker-volume-backup-paperless-raspi2,2026-09-03,60517918
nextcloud.xtra.tools,2026-09-03,0
prod-nextjs-13-plain-site-sites3bucket2b2851f3-8ys8onxlbw8e,2026-09-03,1100999
prod-nextjs-aws-sst-starter-sites3bucket2b2851f3-io3hik7bjwar,2026-09-03,1002551
schminkel-chatbot-files,2026-09-03,30904152
schminkel-comfyui,2026-09-03,23213253
schminkel-coolify-116.203.89.76,2026-09-03,0
schminkel-coolify-5.75.142.123,2026-09-03,21259489
schminkel-coolify-91.99.8.91,2026-09-03,56386731
schminkel-coolify-94.130.56.167,2026-09-03,304330503
schminkel-de,2026-09-03,2251228724
schminkel-de-2026,2026-09-03,12151665
schminkel-de-backups,2026-09-03,4669335505
schminkel-digital,2026-09-03,19412748
schminkel-dynamodb-exports,2026-09-03,5116
schminkel-email,2026-09-03,504263
schminkel-email-plaintext,2026-09-03,29155
schminkel-email-thorsten-schminkel-digital,2026-09-03,38925911
schminkel-ente,2026-09-03,2947314545
schminkel-favicon-bucket,2026-09-03,294839
schminkel-lambda-layer,2026-09-03,25113007
schminkel-large-files-569d920a-b271-4e2c-8302-84c28b6c08a7,2026-09-03,1284886381
schminkel-payload-3.0,2026-09-03,62745372
schminkel-payload-demo-3.0,2026-09-03,0
schminkel-payload-digital,2026-09-03,42663578
schminkel-payload-financials,2026-09-03,2764837
schminkel-payload-financials-dev,2026-09-03,2758654
schminkel-payload-financials-local,2026-09-03,2778017
schminkel-payload-lightgallery,2026-09-03,405906771
schminkel-payload-lightgallery-dev,2026-09-03,482610112
schminkel-photo-gallery,2026-09-03,119778256
schminkel-photo-net,2026-09-03,80255909
schminkel-photos,2026-09-03,1766315955
schminkel-public,2026-09-03,2005363
schminkel-test-lambda-bucket,2026-09-03,43293554
schminkel-transcribe-audio-input-bucket,2026-09-03,15754306
schminkel-transcribe-audio-output-bucket,2026-09-03,180355
schminkel-transcription,2026-09-03,4981693
tschminkel-my-nextjs-sst-app-sites3bucket2b2851f3-fpkhlm3c1jp5,2026-09-03,1023336
all,2026-09-03,25072082078
aws-sam-cli-managed-default-samclisourcebucket-4y22qhnbm8zx,2026-09-04,19983504
capgemini-s3,2026-09-04,2183813
cdk-hnb659fds-assets-185822987739-eu-central-1,2026-09-04,36278837
cdk-hnb659fds-assets-185822987739-us-east-1,2026-09-04,86076714
coolify-raspi5-02,2026-09-04,0
coolify-scraper-backup,2026-09-04,6505591
docker-volume-backup-coolify-6,2026-09-04,5604897688
docker-volume-backup-open-webui-raspi2,2026-09-04,3416892089
docker-volume-backup-owncloud-raspi2,2026-09-04,1113852521
docker-volume-backup-paperless-raspi2,2026-09-04,60517918
nextcloud.xtra.tools,2026-09-04,0
prod-nextjs-13-plain-site-sites3bucket2b2851f3-8ys8onxlbw8e,2026-09-04,1100999
prod-nextjs-aws-sst-starter-sites3bucket2b2851f3-io3hik7bjwar,2026-09-04,1002551
schminkel-chatbot-files,2026-09-04,30904152
schminkel-comfyui,2026-09-04,23213253
schminkel-coolify-116.203.89.76,2026-09-04,0
schminkel-coolify-5.75.142.123,2026-09-04,21259489
schminkel-coolify-91.99.8.91,2026-09-04,59679671
schminkel-coolify-94.130.56.167,2026-09-04,304330503
schminkel-de,2026-09-04,2251228724
schminkel-de-2026,2026-09-04,12151665
schminkel-de-backups,2026-09-04,4669335505
schminkel-digital,2026-09-04,19412748
schminkel-dynamodb-exports,2026-09-04,5116
schminkel-email,2026-09-04,504263
schminkel-email-plaintext,2026-09-04,29155
schminkel-email-thorsten-schminkel-digital,2026-09-04,38925911
schminkel-ente,2026-09-04,2947314545
schminkel-favicon-bucket,2026-09-04,294839
schminkel-lambda-layer,2026-09-04,25113007
schminkel-large-files-569d920a-b271-4e2c-8302-84c28b6c08a7,2026-09-04,1284886381
schminkel-payload-3.0,2026-09-04,62745372
schminkel-payload-demo-3.0,2026-09-04,0
schminkel-payload-digital,2026-09-04,42663578
schminkel-payload-financials,2026-09-04,2764837
schminkel-payload-financials-dev,2026-09-04,2758654
schminkel-payload-financials-local,2026-09-04,2778017
schminkel-payload-lightgallery,2026-09-04,405906771
schminkel-payload-lightgallery-dev,2026-09-04,482610112
schminkel-photo-gallery,2026-09-04,119778256
schminkel-photo-net,2026-09-04,80255909
schminkel-photos,2026-09-04,1766315955
schminkel-public,2026-09-04,2005363
schminkel-test-lambda-bucket,2026-09-04,43293554
schminkel-transcribe-audio-input-bucket,2026-09-04,15754306
schminkel-transcribe-audio-output-bucket,2026-09-04,180355
schminkel-transcription,2026-09-04,4981693
tschminkel-my-nextjs-sst-app-sites3bucket2b2851f3-fpkhlm3c1jp5,2026-09-04,1023336
all,2026-09-04,25073697220
aws-sam-cli-managed-default-samclisourcebucket-4y22qhnbm8zx,2026-09-05,19983504
capgemini-s3,2026-09-05,2183813
cdk-hnb659fds-assets-185822987739-eu-central-1,2026-09-05,36278837
cdk-hnb659fds-assets-185822987739-us-east-1,2026-09-05,86076714
coolify-raspi5-02,2026-09-05,0
coolify-scraper-backup,2026-09-05,6505591
docker-volume-backup-coolify-6,2026-09-05,5603503840
docker-volume-backup-open-webui-raspi2,2026-09-05,3416892089
docker-volume-backup-owncloud-raspi2,2026-09-05,1113852521
docker-volume-backup-paperless-raspi2,2026-09-05,60517918
nextcloud.xtra.tools,2026-09-05,0
prod-nextjs-13-plain-site-sites3bucket2b2851f3-8ys8onxlbw8e,2026-09-05,1100999
prod-nextjs-aws-sst-starter-sites3bucket2b2851f3-io3hik7bjwar,2026-09-05,1002551
schminkel-chatbot-files,2026-09-05,30904152
schminkel-comfyui,2026-09-05,23213253
schminkel-coolify-116.203.89.76,2026-09-05,0
schminkel-coolify-5.75.142.123,2026-09-05,21259489
schminkel-coolify-91.99.8.91,2026-09-05,62806419
schminkel-coolify-94.130.56.167,2026-09-05,304330503
schminkel-de,2026-09-05,2251228724
schminkel-de-2026,2026-09-05,12151665
schminkel-de-backups,2026-09-05,4669335505
schminkel-digital,2026-09-05,19412748
schminkel-dynamodb-exports,2026-09-05,5116
schminkel-email,2026-09-05,504263
schminkel-email-plaintext,2026-09-05,29155
schminkel-email-thorsten-schminkel-digital,2026-09-05,38925911
schminkel-ente,2026-09-05,2947314545
schminkel-favicon-bucket,2026-09-05,294839
schminkel-lambda-layer,2026-09-05,25113007
schminkel-large-files-569d920a-b271-4e2c-8302-84c28b6c08a7,2026-09-05,1284886381
schminkel-payload-3.0,2026-09-05,62745372
schminkel-payload-demo-3.0,2026-09-05,0
schminkel-payload-digital,2026-09-05,42663578
schminkel-payload-financials,2026-09-05,2764837
schminkel-payload-financials-dev,2026-09-05,2758654
schminkel-payload-financials-local,2026-09-05,2778017
schminkel-payload-lightgallery,2026-09-05,405906771
schminkel-payload-lightgallery-dev,2026-09-05,482610112
schminkel-photo-gallery,2026-09-05,119778256
schminkel-photo-net,2026-09-05,80255909
schminkel-photos,2026-09-05,1766315955
schminkel-public,2026-09-05,2005363
schminkel-test-lambda-bucket,2026-09-05,43293554
schminkel-transcribe-audio-input-bucket,2026-09-05,15754306
schminkel-transcribe-audio-output-bucket,2026-09-05,180355
schminkel-transcription,2026-09-05,4981693
tschminkel-my-nextjs-sst-app-sites3bucket2b2851f3-fpkhlm3c1jp5,2026-09-05,1023336
all,2026-09-05,25075430120
aws-sam-cli-managed-default-samclisourcebucket-4y22qhnbm8zx,2026-09-06,19983504
capgemini-s3,2026-09-06,2183813
cdk-hnb659fds-assets-185822987739-eu-central-1,2026-09-06,36278837
cdk-hnb659fds-assets-185822987739-us-east-1,2026-09-06,86076714
coolify-raspi5-02,2026-09-06,0
coolify-scraper-backup,2026-09-06,6505591
docker-volume-backup-coolify-6,2026-09-06,5604711692
docker-volume-backup-open-webui-raspi2,2026-09-06,3416892089
docker-volume-backup-owncloud-raspi2,2026-09-06,1113852521
docker-volume-backup-paperless-raspi2,2026-09-06,60517918
nextcloud.xtra.tools,2026-09-06,0
prod-nextjs-13-plain-site-sites3bucket2b2851f3-8ys8onxlbw8e,2026-09-06,1100999
prod-nextjs-aws-sst-starter-sites3bucket2b2851f3-io3hik7bjwar,2026-09-06,1002551
schminkel-chatbot-files,2026-09-06,30904152
schminkel-comfyui,2026-09-06,23213253
schminkel-coolify-116.203.89.76,2026-09-06,0
schminkel-coolify-5.75.142.123,2026-09-06,21259489
schminkel-coolify-91.99.8.91,2026-09-06,64984122
schminkel-coolify-94.130.56.167,2026-09-06,304330503
schminkel-de,2026-09-06,2251228724
schminkel-de-2026,2026-09-06,12151665
schminkel-de-backups,2026-09-06,4669335505
schminkel-digital,2026-09-06,19412748
schminkel-dynamodb-exports,2026-09-06,5116
schminkel-email,2026-09-06,504263
schminkel-email-plaintext,2026-09-06,29155
schminkel-email-thorsten-schminkel-digital,2026-09-06,38925911
schminkel-ente,2026-09-06,2947314545
schminkel-favicon-bucket,2026-09-06,294839
schminkel-lambda-layer,2026-09-06,25113007
schminkel-large-files-569d920a-b271-4e2c-8302-84c28b6c08a7,2026-09-06,1284886381
schminkel-payload-3.0,2026-09-06,62745372
schminkel-payload-demo-3.0,2026-09-06,0
schminkel-payload-digital,2026-09-06,42663578
schminkel-payload-financials,2026-09-06,2764837
schminkel-payload-financials-dev,2026-09-06,2758654
schminkel-payload-financials-local,2026-09-06,2778017
schminkel-payload-lightgallery,2026-09-06,405906771
schminkel-payload-lightgallery-dev,2026-09-06,482610112
schminkel-photo-gallery,2026-09-06,119778256
schminkel-photo-net,2026-09-06,80255909
schminkel-photos,2026-09-06,1766315955
schminkel-public,2026-09-06,2005363
schminkel-test-lambda-bucket,2026-09-06,43293554
schminkel-transcribe-audio-input-bucket,2026-09-06,15754306
schminkel-transcribe-audio-output-bucket,2026-09-06,180355
schminkel-transcription,2026-09-06,4981693
tschminkel-my-nextjs-sst-app-sites3bucket2b2851f3-fpkhlm3c1jp5,2026-09-06,1023336
all,2026-09-06,25078815675
aws-sam-cli-managed-default-samclisourcebucket-4y22qhnbm8zx,2026-09-07,19983504
capgemini-s3,2026-09-07,2183813
cdk-hnb659fds-assets-185822987739-eu-central-1,2026-09-07,36278837
cdk-hnb659fds-assets-185822987739-us-east-1,2026-09-07,86076714
coolify-raspi5-02,2026-09-07,0
coolify-scraper-backup,2026-09-07,6505591
docker-volume-backup-coolify-6,2026-09-07,5603948370
docker-volume-backup-open-webui-raspi2,2026-09-07,3416892089
docker-volume-backup-owncloud-raspi2,2026-09-07,1113852521
docker-volume-backup-paperless-raspi2,2026-09-07,60517918
nextcloud.xtra.tools,2026-09-07,0
prod-nextjs-13-plain-site-sites3bucket2b2851f3-8ys8onxlbw8e,2026-09-07,1100999
prod-nextjs-aws-sst-starter-sites3bucket2b2851f3-io3hik7bjwar,2026-09-07,1002551
schminkel-chatbot-files,2026-09-07,30904152
schminkel-comfyui,2026-09-07,23213253
schminkel-coolify-116.203.89.76,2026-09-07,0
schminkel-coolify-5.75.142.123,2026-09-07,21259489
schminkel-coolify-91.99.8.91,2026-09-07,67519117
schminkel-coolify-94.130.56.167,2026-09-07,304330503
schminkel-de,2026-09-07,2251228724
schminkel-de-2026,2026-09-07,12151665
schminkel-de-backups,2026-09-07,4669335505
schminkel-digital,2026-09-07,19412748
schminkel-dynamodb-exports,2026-09-07,5116
schminkel-email,2026-09-07,504263
schminkel-email-plaintext,2026-09-07,29155
schminkel-email-thorsten-schminkel-digital,2026-09-07,38925911
schminkel-ente,2026-09-07,2947314545
schminkel-favicon-bucket,2026-09-07,294839
schminkel-lambda-layer,2026-09-07,25113007
schminkel-large-files-569d920a-b271-4e2c-8302-84c28b6c08a7,2026-09-07,1284886381
schminkel-payload-3.0,2026-09-07,62745372
schminkel-payload-demo-3.0,2026-09-07,0
schminkel-payload-digital,2026-09-07,42663578
schminkel-payload-financials,2026-09-07,2764837
schminkel-payload-financials-dev,2026-09-07,2758654
schminkel-payload-financials-local,2026-09-07,2778017
schminkel-payload-lightgallery,2026-09-07,405906771
schminkel-payload-lightgallery-dev,2026-09-07,482610112
schminkel-photo-gallery,2026-09-07,119778256
schminkel-photo-net,2026-09-07,80255909
schminkel-photos,2026-09-07,1766315955
schminkel-public,2026-09-07,2005363
schminkel-test-lambda-bucket,2026-09-07,43293554
schminkel-transcribe-audio-input-bucket,2026-09-07,15754306
schminkel-transcribe-audio-output-bucket,2026-09-07,180355
schminkel-transcription,2026-09-07,4981693
tschminkel-my-nextjs-sst-app-sites3bucket2b2851f3-fpkhlm3c1jp5,2026-09-07,1023336
all,2026-09-07,25080587348
aws-sam-cli-managed-default-samclisourcebucket-4y22qhnbm8zx,2026-09-08,19983504
capgemini-s3,2026-09-08,2183813
cdk-hnb659fds-assets-185822987739-eu-central-1,2026-09-08,36278837
cdk-hnb659fds-assets-185822987739-us-east-1,2026-09-08,86076714
coolify-raspi5-02,2026-09-08,0
coolify-scraper-backup,2026-09-08,6505591
docker-volume-backup-coolify-6,2026-09-08,5602478809
docker-volume-backup-open-webui-raspi2,2026-09-08,3416892089
docker-volume-backup-owncloud-raspi2,2026-09-08,1113852521
docker-volume-backup-paperless-raspi2,2026-09-08,60517918
nextcloud.xtra.tools,2026-09-08,0
prod-nextjs-13-plain-site-sites3bucket2b2851f3-8ys8onxlbw8e,2026-09-08,1100999
prod-nextjs-aws-sst-starter-sites3bucket2b2851f3-io3hik7bjwar,2026-09-08,1002551
schminkel-chatbot-files,2026-09-08,30904152
schminkel-comfyui,2026-09-08,23213253
schminkel-coolify-116.203.89.76,2026-09-08,0
schminkel-coolify-5.75.142.123,2026-09-08,21259489
schminkel-coolify-91.99.8.91,2026-09-08,70437111
schminkel-coolify-94.130.56.167,2026-09-08,304330503
schminkel-de,2026-09-08,2251228724
schminkel-de-2026,2026-09-08,12151665
schminkel-de-backups,2026-09-08,4669335505
schminkel-digital,2026-09-08,19412748
schminkel-dynamodb-exports,2026-09-08,5116
schminkel-email,2026-09-08,504263
schminkel-email-plaintext,2026-09-08,29155
schminkel-email-thorsten-schminkel-digital,2026-09-08,38925911
schminkel-ente,2026-09-08,2947314545
schminkel-favicon-bucket,2026-09-08,294839
schminkel-lambda-layer,2026-09-08,25113007
schminkel-large-files-569d920a-b271-4e2c-8302-84c28b6c08a7,2026-09-08,1284886381
schminkel-payload-3.0,2026-09-08,62745372
schminkel-payload-demo-3.0,2026-09-08,0
schminkel-payload-digital,2026-09-08,42663578
schminkel-payload-financials,2026-09-08,2764837
schminkel-payload-financials-dev,2026-09-08,2758654
schminkel-payload-financials-local,2026-09-08,2778017
schminkel-payload-lightgallery,2026-09-08,405906771
schminkel-payload-lightgallery-dev,2026-09-08,482610112
schminkel-photo-gallery,2026-09-08,119778256
schminkel-photo-net,2026-09-08,80255909
schminkel-photos,2026-09-08,1766315955
schminkel-public,2026-09-08,2005363
schminkel-test-lambda-bucket,2026-09-08,43293554
schminkel-transcribe-audio-input-bucket,2026-09-08,15754306
schminkel-transcribe-audio-output-bucket,2026-09-08,180355
schminkel-transcription,2026-09-08,4981693
tschminkel-my-nextjs-sst-app-sites3bucket2b2851f3-fpkhlm3c1jp5,2026-09-08,1023336
all,2026-09-08,25082035781
aws-sam-cli-managed-default-samclisourcebucket-4y22qhnbm8zx,2026-09-09,19983504
capgemini-s3,2026-09-09,2183813
cdk-hnb659fds-assets-185822987739-eu-central-1,2026-09-09,36278837
cdk-hnb659fds-assets-185822987739-us-east-1,2026-09-09,86076714
coolify-raspi5-02,2026-09-09,0
coolify-scraper-backup,2026-09-09,6505591
docker-volume-backup-coolify-6,2026-09-09,5601446995
docker-volume-backup-open-webui-raspi2,2026-09-09,3416892089
docker-volume-backup-owncloud-raspi2,2026-09-09,1113852521
docker-volume-backup-paperless-raspi2,2026-09-09,60517918
nextcloud.xtra.tools,2026-09-09,0
prod-nextjs-13-plain-site-sites3bucket2b2851f3-8ys8onxlbw8e,2026-09-09,1100999
prod-nextjs-aws-sst-starter-sites3bucket2b2851f3-io3hik7bjwar,2026-09-09,1002551
schminkel-chatbot-files,2026-09-09,30904152
schminkel-comfyui,2026-09-09,23213253
schminkel-coolify-116.203.89.76,2026-09-09,0
schminkel-coolify-5.75.142.123,2026-09-09,21259489
schminkel-coolify-91.99.8.91,2026-09-09,74376211
schminkel-coolify-94.130.56.167,2026-09-09,304330503
schminkel-de,2026-09-09,2251110538
schminkel-de-2026,2026-09-09,12151665
schminkel-de-backups,2026-09-09,4669335505
schminkel-digital,2026-09-09,19412748
schminkel-dynamodb-exports,2026-09-09,5116
schminkel-email,2026-09-09,504263
schminkel-email-plaintext,2026-09-09,29155
schminkel-email-thorsten-schminkel-digital,2026-09-09,38925911
schminkel-ente,2026-09-09,2947314545
schminkel-favicon-bucket,2026-09-09,294839
schminkel-lambda-layer,2026-09-09,25113007
schminkel-large-files-569d920a-b271-4e2c-8302-84c28b6c08a7,2026-09-09,1284886381
schminkel-payload-3.0,2026-09-09,62745372
schminkel-payload-demo-3.0,2026-09-09,0
schminkel-payload-digital,2026-09-09,42663578
schminkel-payload-financials,2026-09-09,2764837
schminkel-payload-financials-dev,2026-09-09,2758654
schminkel-payload-financials-local,2026-09-09,2778017
schminkel-payload-lightgallery,2026-09-09,405906771
schminkel-payload-lightgallery-dev,2026-09-09,482610112
schminkel-photo-gallery,2026-09-09,119778256
schminkel-photo-net,2026-09-09,80255909
schminkel-photos,2026-09-09,1766315955
schminkel-public,2026-09-09,2005363
schminkel-test-lambda-bucket,2026-09-09,43293554
schminkel-transcribe-audio-input-bucket,2026-09-09,15754306
schminkel-transcribe-audio-output-bucket,2026-09-09,180355
schminkel-transcription,2026-09-09,4981693
tschminkel-my-nextjs-sst-app-sites3bucket2b2851f3-fpkhlm3c1jp5,2026-09-09,1023336
all,2026-09-09,25084824881
aws-sam-cli-managed-default-samclisourcebucket-4y22qhnbm8zx,2026-09-10,19983504
capgemini-s3,2026-09-10,2183813
cdk-hnb659fds-assets-185822987739-eu-central-1,2026-09-10,36278837
cdk-hnb659fds-assets-185822987739-us-east-1,2026-09-10,86076714
coolify-raspi5-02,2026-09-10,0
coolify-scraper-backup,2026-09-10,6505591
docker-volume-backup-coolify-6,2026-09-10,5598522535
docker-volume-backup-open-webui-raspi2,2026-09-10,3416892089
docker-volume-backup-owncloud-raspi2,2026-09-10,1113852521
docker-volume-backup-paperless-raspi2,2026-09-10,60517918
nextcloud.xtra.tools,2026-09-10,0
prod-nextjs-13-plain-site-sites3bucket2b2851f3-8ys8onxlbw8e,2026-09-10,1100999
prod-nextjs-aws-sst-starter-sites3bucket2b2851f3-io3hik7bjwar,2026-09-10,1002551
schminkel-chatbot-files,2026-09-10,30904152
schminkel-comfyui,2026-09-10,23213253
schminkel-coolify-116.203.89.76,2026-09-10,0
schminkel-coolify-5.75.142.123,2026-09-10,21259489
schminkel-coolify-91.99.8.91,2026-09-10,77593759
schminkel-coolify-94.130.56.167,2026-09-10,304330503
schminkel-de,2026-09-10,2251119885
schminkel-de-2026,2026-09-10,12151665
schminkel-de-backups,2026-09-10,4669335505
schminkel-digital,2026-09-10,19412748
schminkel-dynamodb-exports,2026-09-10,5116
schminkel-email,2026-09-10,504263
schminkel-email-plaintext,2026-09-10,29155
schminkel-email-thorsten-schminkel-digital,2026-09-10,38925911
schminkel-ente,2026-09-10,2947314545
schminkel-favicon-bucket,2026-09-10,294839
schminkel-lambda-layer,2026-09-10,25113007
schminkel-large-files-569d920a-b271-4e2c-8302-84c28b6c08a7,2026-09-10,1284886381
schminkel-payload-3.0,2026-09-10,62745372
schminkel-payload-demo-3.0,2026-09-10,0
schminkel-payload-digital,2026-09-10,42663578
schminkel-payload-financials,2026-09-10,2764837
schminkel-payload-financials-dev,2026-09-10,2758654
schminkel-payload-financials-local,2026-09-10,2778017
schminkel-payload-lightgallery,2026-09-10,405906771
schminkel-payload-lightgallery-dev,2026-09-10,482610112
schminkel-photo-gallery,2026-09-10,119778256
schminkel-photo-net,2026-09-10,80255909
schminkel-photos,2026-09-10,1766315955
schminkel-public,2026-09-10,2005363
schminkel-test-lambda-bucket,2026-09-10,43293554
schminkel-transcribe-audio-input-bucket,2026-09-10,15754306
schminkel-transcribe-audio-output-bucket,2026-09-10,180355
schminkel-transcription,2026-09-10,4981693
tschminkel-my-nextjs-sst-app-sites3bucket2b2851f3-fpkhlm3c1jp5,2026-09-10,1023336
all,2026-09-10,25085127316
aws-sam-cli-managed-default-samclisourcebucket-4y22qhnbm8zx,2026-09-11,19983504
capgemini-s3,2026-09-11,2183813
cdk-hnb659fds-assets-185822987739-eu-central-1,2026-09-11,36278837
cdk-hnb659fds-assets-185822987739-us-east-1,2026-09-11,86076714
coolify-raspi5-02,2026-09-11,0
coolify-scraper-backup,2026-09-11,6505591
docker-volume-backup-coolify-6,2026-09-11,5601034289
docker-volume-backup-open-webui-raspi2,2026-09-11,3416892089
docker-volume-backup-owncloud-raspi2,2026-09-11,1113852521
docker-volume-backup-paperless-raspi2,2026-09-11,60517918
nextcloud.xtra.tools,2026-09-11,0
prod-nextjs-13-plain-site-sites3bucket2b2851f3-8ys8onxlbw8e,2026-09-11,1100999
prod-nextjs-aws-sst-starter-sites3bucket2b2851f3-io3hik7bjwar,2026-09-11,1002551
schminkel-chatbot-files,2026-09-11,30904152
schminkel-comfyui,2026-09-11,23213253
schminkel-coolify-116.203.89.76,2026-09-11,0
schminkel-coolify-5.75.142.123,2026-09-11,21259489
schminkel-coolify-91.99.8.91,2026-09-11,80635766
schminkel-coolify-94.130.56.167,2026-09-11,304330503
schminkel-de,2026-09-11,2251128477
schminkel-de-2026,2026-09-11,12151665
schminkel-de-backups,2026-09-11,4669335505
schminkel-digital,2026-09-11,19412748
schminkel-dynamodb-exports,2026-09-11,5116
schminkel-email,2026-09-11,504263
schminkel-email-plaintext,2026-09-11,29155
schminkel-email-thorsten-schminkel-digital,2026-09-11,38925911
schminkel-ente,2026-09-11,2947314545
schminkel-favicon-bucket,2026-09-11,294839
schminkel-lambda-layer,2026-09-11,25113007
schminkel-large-files-569d920a-b271-4e2c-8302-84c28b6c08a7,2026-09-11,1284886381
schminkel-payload-3.0,2026-09-11,62745372
schminkel-payload-demo-3.0,2026-09-11,0
schminkel-payload-digital,2026-09-11,42663578
schminkel-payload-financials,2026-09-11,2764837
schminkel-payload-financials-dev,2026-09-11,2758654
schminkel-payload-financials-local,2026-09-11,2778017
schminkel-payload-lightgallery,2026-09-11,405906771
schminkel-payload-lightgallery-dev,2026-09-11,482610112
schminkel-photo-gallery,2026-09-11,119778256
schminkel-photo-net,2026-09-11,80255909
schminkel-photos,2026-09-11,1766315955
schminkel-public,2026-09-11,2005363
schminkel-test-lambda-bucket,2026-09-11,43293554
schminkel-transcribe-audio-input-bucket,2026-09-11,15754306
schminkel-transcribe-audio-output-bucket,2026-09-11,180355
schminkel-transcription,2026-09-11,4981693
tschminkel-my-nextjs-sst-app-sites3bucket2b2851f3-fpkhlm3c1jp5,2026-09-11,1023336
all,2026-09-11,25090689669
aws-sam-cli-managed-default-samclisourcebucket-4y22qhnbm8zx,2026-09-12,19983504
capgemini-s3,2026-09-12,2183813
cdk-hnb659fds-assets-185822987739-eu-central-1,2026-09-12,36278837
cdk-hnb659fds-assets-185822987739-us-east-1,2026-09-12,86076714
coolify-raspi5-02,2026-09-12,0
coolify-scraper-backup,2026-09-12,6505591
docker-volume-backup-coolify-6,2026-09-12,5603324215
docker-volume-backup-open-webui-raspi2,2026-09-12,3416892089
docker-volume-backup-owncloud-raspi2,2026-09-12,1113852521
docker-volume-backup-paperless-raspi2,2026-09-12,60517918
nextcloud.xtra.tools,2026-09-12,0
prod-nextjs-13-plain-site-sites3bucket2b2851f3-8ys8onxlbw8e,2026-09-12,1100999
prod-nextjs-aws-sst-starter-sites3bucket2b2851f3-io3hik7bjwar,2026-09-12,1002551
schminkel-chatbot-files,2026-09-12,30904152
schminkel-comfyui,2026-09-12,23213253
schminkel-coolify-116.203.89.76,2026-09-12,0
schminkel-coolify-5.75.142.123,2026-09-12,21259489
schminkel-coolify-91.99.8.91,2026-09-12,84067781
schminkel-coolify-94.130.56.167,2026-09-12,304330503
schminkel-de,2026-09-12,2251132812
schminkel-de-2026,2026-09-12,12151665
schminkel-de-backups,2026-09-12,4669335505
schminkel-digital,2026-09-12,19412748
schminkel-dynamodb-exports,2026-09-12,5116
schminkel-email,2026-09-12,504263
schminkel-email-plaintext,2026-09-12,29155
schminkel-email-thorsten-schminkel-digital,2026-09-12,38925911
schminkel-ente,2026-09-12,2947314545
schminkel-favicon-bucket,2026-09-12,294839
schminkel-lambda-layer,2026-09-12,25113007
schminkel-large-files-569d920a-b271-4e2c-8302-84c28b6c08a7,2026-09-12,1284886381
schminkel-payload-3.0,2026-09-12,62745372
schminkel-payload-demo-3.0,2026-09-12,0
schminkel-payload-digital,2026-09-12,42663578
schminkel-payload-financials,2026-09-12,2764837
schminkel-payload-financials-dev,2026-09-12,2758654
schminkel-payload-financials-local,2026-09-12,2778017
schminkel-payload-lightgallery,2026-09-12,405906771
schminkel-payload-lightgallery-dev,2026-09-12,482610112
schminkel-photo-gallery,2026-09-12,119778256
schminkel-photo-net,2026-09-12,80255909
schminkel-photos,2026-09-12,1766315955
schminkel-public,2026-09-12,2005363
schminkel-test-lambda-bucket,2026-09-12,43293554
schminkel-transcribe-audio-input-bucket,2026-09-12,15754306
schminkel-transcribe-audio-output-bucket,2026-09-12,180355
schminkel-transcription,2026-09-12,4981693
tschminkel-my-nextjs-sst-app-sites3bucket2b2851f3-fpkhlm3c1jp5,2026-09-12,1023336
all,2026-09-12,25096415945
aws-sam-cli-managed-default-samclisourcebucket-4y22qhnbm8zx,2026-09-13,19983504
capgemini-s3,2026-09-13,2183813
cdk-hnb659fds-assets-185822987739-eu-central-1,2026-09-13,36278837
cdk-hnb659fds-assets-185822987739-us-east-1,2026-09-13,86076714
coolify-raspi5-02,2026-09-13,0
coolify-scraper-backup,2026-09-13,6505591
docker-volume-backup-coolify-6,2026-09-13,5604726346
docker-volume-backup-open-webui-raspi2,2026-09-13,3416892089
docker-volume-backup-owncloud-raspi2,2026-09-13,1113852521
docker-volume-backup-paperless-raspi2,2026-09-13,60517918
nextcloud.xtra.tools,2026-09-13,0
prod-nextjs-13-plain-site-sites3bucket2b2851f3-8ys8onxlbw8e,2026-09-13,1100999
prod-nextjs-aws-sst-starter-sites3bucket2b2851f3-io3hik7bjwar,2026-09-13,1002551
schminkel-chatbot-files,2026-09-13,30904152
schminkel-comfyui,2026-09-13,23213253
schminkel-coolify-116.203.89.76,2026-09-13,0
schminkel-coolify-5.75.142.123,2026-09-13,21259489
schminkel-coolify-91.99.8.91,2026-09-13,86627799
schminkel-coolify-94.130.56.167,2026-09-13,304330503
schminkel-de,2026-09-13,2251132812
schminkel-de-2026,2026-09-13,12151665
schminkel-de-backups,2026-09-13,4669335505
schminkel-digital,2026-09-13,19412748
schminkel-dynamodb-exports,2026-09-13,5116
schminkel-email,2026-09-13,504263
schminkel-email-plaintext,2026-09-13,29155
schminkel-email-thorsten-schminkel-digital,2026-09-13,38925911
schminkel-ente,2026-09-13,2947314545
schminkel-favicon-bucket,2026-09-13,294839
schminkel-lambda-layer,2026-09-13,25113007
schminkel-large-files-569d920a-b271-4e2c-8302-84c28b6c08a7,2026-09-13,1284886381
schminkel-payload-3.0,2026-09-13,62745372
schminkel-payload-demo-3.0,2026-09-13,0
schminkel-payload-digital,2026-09-13,42663578
schminkel-payload-financials,2026-09-13,2764837
schminkel-payload-financials-dev,2026-09-13,2758654
schminkel-payload-financials-local,2026-09-13,2778017
schminkel-payload-lightgallery,2026-09-13,405906771
schminkel-payload-lightgallery-dev,2026-09-13,482610112
schminkel-photo-gallery,2026-09-13,119778256
schminkel-photo-net,2026-09-13,80255909
schminkel-photos,2026-09-13,1766315955
schminkel-public,2026-09-13,2005363
schminkel-test-lambda-bucket,2026-09-13,43293554
schminkel-transcribe-audio-input-bucket,2026-09-13,15754306
schminkel-transcribe-audio-output-bucket,2026-09-13,180355
schminkel-transcription,2026-09-13,4981693
tschminkel-my-nextjs-sst-app-sites3bucket2b2851f3-fpkhlm3c1jp5,2026-09-13,1023336
all,2026-09-13,25100378094
aws-sam-cli-managed-default-samclisourcebucket-4y22qhnbm8zx,2026-09-14,19983504
capgemini-s3,2026-09-14,2183813
cdk-hnb659fds-assets-185822987739-eu-central-1,2026-09-14,36278837
cdk-hnb659fds-assets-185822987739-us-east-1,2026-09-14,86076714
coolify-raspi5-02,2026-09-14,0
coolify-scraper-backup,2026-09-14,6505591
docker-volume-backup-coolify-6,2026-09-14,5603019751
docker-volume-backup-open-webui-raspi2,2026-09-14,3416892089
docker-volume-backup-owncloud-raspi2,2026-09-14,1113852521
docker-volume-backup-paperless-raspi2,2026-09-14,60517918
nextcloud.xtra.tools,2026-09-14,0
prod-nextjs-13-plain-site-sites3bucket2b2851f3-8ys8onxlbw8e,2026-09-14,1100999
prod-nextjs-aws-sst-starter-sites3bucket2b2851f3-io3hik7bjwar,2026-09-14,1002551
schminkel-chatbot-files,2026-09-14,30904152
schminkel-comfyui,2026-09-14,23213253
schminkel-coolify-116.203.89.76,2026-09-14,0
schminkel-coolify-5.75.142.123,2026-09-14,21259489
schminkel-coolify-91.99.8.91,2026-09-14,88843751
schminkel-coolify-94.130.56.167,2026-09-14,304330503
schminkel-de,2026-09-14,2251132812
schminkel-de-2026,2026-09-14,12151665
schminkel-de-backups,2026-09-14,4669335505
schminkel-digital,2026-09-14,19412748
schminkel-dynamodb-exports,2026-09-14,5116
schminkel-email,2026-09-14,504263
schminkel-email-plaintext,2026-09-14,29155
schminkel-email-thorsten-schminkel-digital,2026-09-14,38925911
schminkel-ente,2026-09-14,2947314545
schminkel-favicon-bucket,2026-09-14,294839
schminkel-lambda-layer,2026-09-14,25113007
schminkel-large-files-569d920a-b271-4e2c-8302-84c28b6c08a7,2026-09-14,1284886381
schminkel-payload-3.0,2026-09-14,62745372
schminkel-payload-demo-3.0,2026-09-14,0
schminkel-payload-digital,2026-09-14,42663578
schminkel-payload-financials,2026-09-14,2764837
schminkel-payload-financials-dev,2026-09-14,2758654
schminkel-payload-financials-local,2026-09-14,2778017
schminkel-payload-lightgallery,2026-09-14,405906771
schminkel-payload-lightgallery-dev,2026-09-14,482610112
schminkel-photo-gallery,2026-09-14,119778256
schminkel-photo-net,2026-09-14,80255909
schminkel-photos,2026-09-14,1766315955
schminkel-public,2026-09-14,2005363
schminkel-test-lambda-bucket,2026-09-14,43293554
schminkel-transcribe-audio-input-bucket,2026-09-14,15754306
schminkel-transcribe-audio-output-bucket,2026-09-14,180355
schminkel-transcription,2026-09-14,4981693
tschminkel-my-nextjs-sst-app-sites3bucket2b2851f3-fpkhlm3c1jp5,2026-09-14,1023336
all,2026-09-14,25100887451
aws-sam-cli-managed-default-samclisourcebucket-4y22qhnbm8zx,2026-09-15,19983504
capgemini-s3,2026-09-15,2183813
cdk-hnb659fds-assets-185822987739-eu-central-1,2026-09-15,36278837
cdk-hnb659fds-assets-185822987739-us-east-1,2026-09-15,86076714
coolify-raspi5-02,2026-09-15,0
coolify-scraper-backup,2026-09-15,6505591
docker-volume-backup-coolify-6,2026-09-15,5602250526
docker-volume-backup-open-webui-raspi2,2026-09-15,3416892089
docker-volume-backup-owncloud-raspi2,2026-09-15,1113852521
docker-volume-backup-paperless-raspi2,2026-09-15,60517918
nextcloud.xtra.tools,2026-09-15,0
prod-nextjs-13-plain-site-sites3bucket2b2851f3-8ys8onxlbw8e,2026-09-15,1100999
prod-nextjs-aws-sst-starter-sites3bucket2b2851f3-io3hik7bjwar,2026-09-15,1002551
schminkel-chatbot-files,2026-09-15,30904152
schminkel-comfyui,2026-09-15,23213253
schminkel-coolify-116.203.89.76,2026-09-15,0
schminkel-coolify-5.75.142.123,2026-09-15,21259489
schminkel-coolify-91.99.8.91,2026-09-15,90142687
schminkel-coolify-94.130.56.167,2026-09-15,304330503
schminkel-de,2026-09-15,2251132812
schminkel-de-2026,2026-09-15,12151665
schminkel-de-backups,2026-09-15,4669335505
schminkel-digital,2026-09-15,19412748
schminkel-dynamodb-exports,2026-09-15,5116
schminkel-email,2026-09-15,504263
schminkel-email-plaintext,2026-09-15,29155
schminkel-email-thorsten-schminkel-digital,2026-09-15,38925911
schminkel-ente,2026-09-15,2947314545
schminkel-favicon-bucket,2026-09-15,294839
schminkel-lambda-layer,2026-09-15,25113007
schminkel-large-files-569d920a-b271-4e2c-8302-84c28b6c08a7,2026-09-15,1284886381
schminkel-payload-3.0,2026-09-15,62745372
schminkel-payload-demo-3.0,2026-09-15,0
schminkel-payload-digital,2026-09-15,42663578
schminkel-payload-financials,2026-09-15,2764837
schminkel-payload-financials-dev,2026-09-15,2758654
schminkel-payload-financials-local,2026-09-15,2778017
schminkel-payload-lightgallery,2026-09-15,405906771
schminkel-payload-lightgallery-dev,2026-09-15,482610112
schminkel-photo-gallery,2026-09-15,119778256
schminkel-photo-net,2026-09-15,80255909
schminkel-photos,2026-09-15,1766315955
schminkel-public,2026-09-15,2005363
schminkel-test-lambda-bucket,2026-09-15,43293554
schminkel-transcribe-audio-input-bucket,2026-09-15,15754306
schminkel-transcribe-audio-output-bucket,2026-09-15,180355
schminkel-transcription,2026-09-15,4981693
tschminkel-my-nextjs-sst-app-sites3bucket2b2851f3-fpkhlm3c1jp5,2026-09-15,1023336
all,2026-09-15,25101417162
aws-sam-cli-managed-default-samclisourcebucket-4y22qhnbm8zx,2026-09-16,19983504
capgemini-s3,2026-09-16,2183813
cdk-hnb659fds-assets-185822987739-eu-central-1,2026-09-16,36278837
cdk-hnb659fds-assets-185822987739-us-east-1,2026-09-16,86076714
coolify-raspi5-02,2026-09-16,0
coolify-scraper-backup,2026-09-16,6505591
docker-volume-backup-coolify-6,2026-09-16,5599547467
docker-volume-backup-open-webui-raspi2,2026-09-16,3416892089
docker-volume-backup-owncloud-raspi2,2026-09-16,1113852521
docker-volume-backup-paperless-raspi2,2026-09-16,60517918
nextcloud.xtra.tools,2026-09-16,0
prod-nextjs-13-plain-site-sites3bucket2b2851f3-8ys8onxlbw8e,2026-09-16,1100999
prod-nextjs-aws-sst-starter-sites3bucket2b2851f3-io3hik7bjwar,2026-09-16,1002551
schminkel-chatbot-files,2026-09-16,30904152
schminkel-comfyui,2026-09-16,23213253
schminkel-coolify-116.203.89.76,2026-09-16,0
schminkel-coolify-5.75.142.123,2026-09-16,21259489
schminkel-coolify-91.99.8.91,2026-09-16,91354881
schminkel-coolify-94.130.56.167,2026-09-16,304330503
schminkel-de,2026-09-16,2251132812
schminkel-de-2026,2026-09-16,12151665
schminkel-de-backups,2026-09-16,4669335505
schminkel-digital,2026-09-16,19412748
schminkel-dynamodb-exports,2026-09-16,5116
schminkel-email,2026-09-16,504263
schminkel-email-plaintext,2026-09-16,29155
schminkel-email-thorsten-schminkel-digital,2026-09-16,38925911
schminkel-ente,2026-09-16,2947314545
schminkel-favicon-bucket,2026-09-16,294839
schminkel-lambda-layer,2026-09-16,25113007
schminkel-large-files-569d920a-b271-4e2c-8302-84c28b6c08a7,2026-09-16,1284886381
schminkel-payload-3.0,2026-09-16,62745372
schminkel-payload-demo-3.0,2026-09-16,0
schminkel-payload-digital,2026-09-16,42663578
schminkel-payload-financials,2026-09-16,2764837
schminkel-payload-financials-dev,2026-09-16,2758654
schminkel-payload-financials-local,2026-09-16,2778017
schminkel-payload-lightgallery,2026-09-16,405906771
schminkel-payload-lightgallery-dev,2026-09-16,482610112
schminkel-photo-gallery,2026-09-16,119778256
schminkel-photo-net,2026-09-16,80255909
schminkel-photos,2026-09-16,1766315955
schminkel-public,2026-09-16,2005363
schminkel-test-lambda-bucket,2026-09-16,43293554
schminkel-transcribe-audio-input-bucket,2026-09-16,15754306
schminkel-transcribe-audio-output-bucket,2026-09-16,180355
schminkel-transcription,2026-09-16,4981693
tschminkel-my-nextjs-sst-app-sites3bucket2b2851f3-fpkhlm3c1jp5,2026-09-16,1023336
all,2026-09-16,25099926297
aws-sam-cli-managed-default-samclisourcebucket-4y22qhnbm8zx,2026-09-17,19983504
capgemini-s3,2026-09-17,2183813
cdk-hnb659fds-assets-185822987739-eu-central-1,2026-09-17,36278837
cdk-hnb659fds-assets-185822987739-us-east-1,2026-09-17,86076714
coolify-raspi5-02,2026-09-17,0
coolify-scraper-backup,2026-09-17,6505591
docker-volume-backup-coolify-6,2026-09-17,5597491064
docker-volume-backup-open-webui-raspi2,2026-09-17,3416892089
docker-volume-backup-owncloud-raspi2,2026-09-17,1113852521
docker-volume-backup-paperless-raspi2,2026-09-17,60517918
nextcloud.xtra.tools,2026-09-17,0
prod-nextjs-13-plain-site-sites3bucket2b2851f3-8ys8onxlbw8e,2026-09-17,1100999
prod-nextjs-aws-sst-starter-sites3bucket2b2851f3-io3hik7bjwar,2026-09-17,1002551
schminkel-chatbot-files,2026-09-17,30904152
schminkel-comfyui,2026-09-17,23213253
schminkel-coolify-116.203.89.76,2026-09-17,0
schminkel-coolify-5.75.142.123,2026-09-17,21259489
schminkel-coolify-91.99.8.91,2026-09-17,91900549
schminkel-coolify-94.130.56.167,2026-09-17,304330503
schminkel-de,2026-09-17,2251132812
schminkel-de-2026,2026-09-17,12151665
schminkel-de-backups,2026-09-17,4669335505
schminkel-digital,2026-09-17,19412748
schminkel-dynamodb-exports,2026-09-17,5116
schminkel-email,2026-09-17,504263
schminkel-email-plaintext,2026-09-17,29155
schminkel-email-thorsten-schminkel-digital,2026-09-17,38925911
schminkel-ente,2026-09-17,2947314545
schminkel-favicon-bucket,2026-09-17,294839
schminkel-lambda-layer,2026-09-17,25113007
schminkel-large-files-569d920a-b271-4e2c-8302-84c28b6c08a7,2026-09-17,1284886381
schminkel-payload-3.0,2026-09-17,62745372
schminkel-payload-demo-3.0,2026-09-17,0
schminkel-payload-digital,2026-09-17,42663578
schminkel-payload-financials,2026-09-17,2764837
schminkel-payload-financials-dev,2026-09-17,2758654
schminkel-payload-financials-local,2026-09-17,2778017
schminkel-payload-lightgallery,2026-09-17,405906771
schminkel-payload-lightgallery-dev,2026-09-17,482610112
schminkel-photo-gallery,2026-09-17,119778256
schminkel-photo-net,2026-09-17,80255909
schminkel-photos,2026-09-17,1766315955
schminkel-public,2026-09-17,2005363
schminkel-test-lambda-bucket,2026-09-17,43293554
schminkel-transcribe-audio-input-bucket,2026-09-17,15754306
schminkel-transcribe-audio-output-bucket,2026-09-17,180355
schminkel-transcription,2026-09-17,4981693
tschminkel-my-nextjs-sst-app-sites3bucket2b2851f3-fpkhlm3c1jp5,2026-09-17,1023336
all,2026-09-17,25098415562
aws-sam-cli-managed-default-samclisourcebucket-4y22qhnbm8zx,2026-09-18,19983504
capgemini-s3,2026-09-18,2183813
cdk-hnb659fds-assets-185822987739-eu-central-1,2026-09-18,36278837
cdk-hnb659fds-assets-185822987739-us-east-1,2026-09-18,86076714
coolify-raspi5-02,2026-09-18,0
coolify-scraper-backup,2026-09-18,6505591
docker-volume-backup-coolify-6,2026-09-18,5593369438
docker-volume-backup-open-webui-raspi2,2026-09-18,3416892089
docker-volume-backup-owncloud-raspi2,2026-09-18,1113852521
docker-volume-backup-paperless-raspi2,2026-09-18,60517918
nextcloud.xtra.tools,2026-09-18,0
prod-nextjs-13-plain-site-sites3bucket2b2851f3-8ys8onxlbw8e,2026-09-18,1100999
prod-nextjs-aws-sst-starter-sites3bucket2b2851f3-io3hik7bjwar,2026-09-18,1002551
schminkel-chatbot-files,2026-09-18,30904152
schminkel-comfyui,2026-09-18,23213253
schminkel-coolify-116.203.89.76,2026-09-18,0
schminkel-coolify-5.75.142.123,2026-09-18,21259489
schminkel-coolify-91.99.8.91,2026-09-18,92327783
schminkel-coolify-94.130.56.167,2026-09-18,304330503
schminkel-de,2026-09-18,2251132812
schminkel-de-2026,2026-09-18,12151665
schminkel-de-backups,2026-09-18,4669335505
schminkel-digital,2026-09-18,19412748
schminkel-dynamodb-exports,2026-09-18,5116
schminkel-email,2026-09-18,504263
schminkel-email-plaintext,2026-09-18,29155
schminkel-email-thorsten-schminkel-digital,2026-09-18,38925911
schminkel-ente,2026-09-18,2947314545
schminkel-favicon-bucket,2026-09-18,294839
schminkel-lambda-layer,2026-09-18,25113007
schminkel-large-files-569d920a-b271-4e2c-8302-84c28b6c08a7,2026-09-18,1284886381
schminkel-payload-3.0,2026-09-18,62745372
schminkel-payload-demo-3.0,2026-09-18,0
schminkel-payload-digital,2026-09-18,42663578
schminkel-payload-financials,2026-09-18,2764837
schminkel-payload-financials-dev,2026-09-18,2758654
schminkel-payload-financials-local,2026-09-18,2778017
schminkel-payload-lightgallery,2026-09-18,405906771
schminkel-payload-lightgallery-dev,2026-09-18,482610112
schminkel-photo-gallery,2026-09-18,119778256
schminkel-photo-net,2026-09-18,80255909
schminkel-photos,2026-09-18,1766315955
schminkel-public,2026-09-18,2005363
schminkel-test-lambda-bucket,2026-09-18,43293554
schminkel-transcribe-audio-input-bucket,2026-09-18,15754306
schminkel-transcribe-audio-output-bucket,2026-09-18,180355
schminkel-transcription,2026-09-18,4981693
tschminkel-my-nextjs-sst-app-sites3bucket2b2851f3-fpkhlm3c1jp5,2026-09-18,1023336
all,2026-09-18,25094721170
aws-sam-cli-managed-default-samclisourcebucket-4y22qhnbm8zx,2026-09-19,19983504
capgemini-s3,2026-09-19,2183813
cdk-hnb659fds-assets-185822987739-eu-central-1,2026-09-19,36278837
cdk-hnb659fds-assets-185822987739-us-east-1,2026-09-19,86076714
coolify-raspi5-02,2026-09-19,0
coolify-scraper-backup,2026-09-19,6505591
docker-volume-backup-coolify-6,2026-09-19,5590193899
docker-volume-backup-open-webui-raspi2,2026-09-19,3416892089
docker-volume-backup-owncloud-raspi2,2026-09-19,1113852521
docker-volume-backup-paperless-raspi2,2026-09-19,60517918
nextcloud.xtra.tools,2026-09-19,0
prod-nextjs-13-plain-site-sites3bucket2b2851f3-8ys8onxlbw8e,2026-09-19,1100999
prod-nextjs-aws-sst-starter-sites3bucket2b2851f3-io3hik7bjwar,2026-09-19,1002551
schminkel-chatbot-files,2026-09-19,30904152
schminkel-comfyui,2026-09-19,23213253
schminkel-coolify-116.203.89.76,2026-09-19,0
schminkel-coolify-5.75.142.123,2026-09-19,21259489
schminkel-coolify-91.99.8.91,2026-09-19,91624289
schminkel-coolify-94.130.56.167,2026-09-19,304330503
schminkel-de,2026-09-19,2251132812
schminkel-de-2026,2026-09-19,12151665
schminkel-de-backups,2026-09-19,4669335505
schminkel-digital,2026-09-19,19412748
schminkel-dynamodb-exports,2026-09-19,5116
schminkel-email,2026-09-19,504263
schminkel-email-plaintext,2026-09-19,29155
schminkel-email-thorsten-schminkel-digital,2026-09-19,38925911
schminkel-ente,2026-09-19,2947314545
schminkel-favicon-bucket,2026-09-19,294839
schminkel-lambda-layer,2026-09-19,25113007
schminkel-large-files-569d920a-b271-4e2c-8302-84c28b6c08a7,2026-09-19,1284886381
schminkel-payload-3.0,2026-09-19,62745372
schminkel-payload-demo-3.0,2026-09-19,0
schminkel-payload-digital,2026-09-19,42663578
schminkel-payload-financials,2026-09-19,2764837
schminkel-payload-financials-dev,2026-09-19,2758654
schminkel-payload-financials-local,2026-09-19,2778017
schminkel-payload-lightgallery,2026-09-19,405906771
schminkel-payload-lightgallery-dev,2026-09-19,482610112
schminkel-photo-gallery,2026-09-19,119778256
schminkel-photo-net,2026-09-19,80255909
schminkel-photos,2026-09-19,1766315955
schminkel-public,2026-09-19,2005363
schminkel-test-lambda-bucket,2026-09-19,43293554
schminkel-transcribe-audio-input-bucket,2026-09-19,15754306
schminkel-transcribe-audio-output-bucket,2026-09-19,180355
schminkel-transcription,2026-09-19,4981693
tschminkel-my-nextjs-sst-app-sites3bucket2b2851f3-fpkhlm3c1jp5,2026-09-19,1023336
all,2026-09-19,25090842137
aws-sam-cli-managed-default-samclisourcebucket-4y22qhnbm8zx,2026-09-20,19983504
capgemini-s3,2026-09-20,2183813
cdk-hnb659fds-assets-185822987739-eu-central-1,2026-09-20,36278837
cdk-hnb659fds-assets-185822987739-us-east-1,2026-09-20,86076714
coolify-raspi5-02,2026-09-20,0
coolify-scraper-backup,2026-09-20,6505591
docker-volume-backup-coolify-6,2026-09-20,5586009828
docker-volume-backup-open-webui-raspi2,2026-09-20,3416892089
docker-volume-backup-owncloud-raspi2,2026-09-20,1113852521
docker-volume-backup-paperless-raspi2,2026-09-20,60517918
nextcloud.xtra.tools,2026-09-20,0
prod-nextjs-13-plain-site-sites3bucket2b2851f3-8ys8onxlbw8e,2026-09-20,1100999
prod-nextjs-aws-sst-starter-sites3bucket2b2851f3-io3hik7bjwar,2026-09-20,1002551
schminkel-chatbot-files,2026-09-20,30904152
schminkel-comfyui,2026-09-20,23213253
schminkel-coolify-116.203.89.76,2026-09-20,0
schminkel-coolify-5.75.142.123,2026-09-20,21259489
schminkel-coolify-91.99.8.91,2026-09-20,90693949
schminkel-coolify-94.130.56.167,2026-09-20,304330503
schminkel-de,2026-09-20,2251132812
schminkel-de-2026,2026-09-20,12151665
schminkel-de-backups,2026-09-20,4669335505
schminkel-digital,2026-09-20,19412748
schminkel-dynamodb-exports,2026-09-20,5116
schminkel-email,2026-09-20,504263
schminkel-email-plaintext,2026-09-20,29155
schminkel-email-thorsten-schminkel-digital,2026-09-20,38925911
schminkel-ente,2026-09-20,2947314545
schminkel-favicon-bucket,2026-09-20,294839
schminkel-lambda-layer,2026-09-20,25113007
schminkel-large-files-569d920a-b271-4e2c-8302-84c28b6c08a7,2026-09-20,1284886381
schminkel-payload-3.0,2026-09-20,62745372
schminkel-payload-demo-3.0,2026-09-20,0
schminkel-payload-digital,2026-09-20,42663578
schminkel-payload-financials,2026-09-20,2764837
schminkel-payload-financials-dev,2026-09-20,2758654
schminkel-payload-financials-local,2026-09-20,2778017
schminkel-payload-lightgallery,2026-09-20,405906771
schminkel-payload-lightgallery-dev,2026-09-20,482610112
schminkel-photo-gallery,2026-09-20,119778256
schminkel-photo-net,2026-09-20,80255909
schminkel-photos,2026-09-20,1766315955
schminkel-public,2026-09-20,2005363
schminkel-test-lambda-bucket,2026-09-20,43293554
schminkel-transcribe-audio-input-bucket,2026-09-20,15754306
schminkel-transcribe-audio-output-bucket,2026-09-20,180355
schminkel-transcription,2026-09-20,4981693
tschminkel-my-nextjs-sst-app-sites3bucket2b2851f3-fpkhlm3c1jp5,2026-09-20,1023336
all,2026-09-20,25085727726
aws-sam-cli-managed-default-samclisourcebucket-4y22qhnbm8zx,2026-09-21,19983504
capgemini-s3,2026-09-21,2183813
cdk-hnb659fds-assets-185822987739-eu-central-1,2026-09-21,36278837
cdk-hnb659fds-assets-185822987739-us-east-1,2026-09-21,86076714
coolify-raspi5-02,2026-09-21,0
coolify-scraper-backup,2026-09-21,6505591
docker-volume-backup-coolify-6,2026-09-21,5582422663
docker-volume-backup-open-webui-raspi2,2026-09-21,3416892089
docker-volume-backup-owncloud-raspi2,2026-09-21,1113852521
docker-volume-backup-paperless-raspi2,2026-09-21,60517918
nextcloud.xtra.tools,2026-09-21,0
prod-nextjs-13-plain-site-sites3bucket2b2851f3-8ys8onxlbw8e,2026-09-21,1100999
prod-nextjs-aws-sst-starter-sites3bucket2b2851f3-io3hik7bjwar,2026-09-21,1002551
schminkel-chatbot-files,2026-09-21,30904152
schminkel-comfyui,2026-09-21,23213253
schminkel-coolify-116.203.89.76,2026-09-21,0
schminkel-coolify-5.75.142.123,2026-09-21,21259489
schminkel-coolify-91.99.8.91,2026-09-21,90491921
schminkel-coolify-94.130.56.167,2026-09-21,304330503
schminkel-de,2026-09-21,2251132812
schminkel-de-2026,2026-09-21,12151665
schminkel-de-backups,2026-09-21,4669335505
schminkel-digital,2026-09-21,19412748
schminkel-dynamodb-exports,2026-09-21,5116
schminkel-email,2026-09-21,504263
schminkel-email-plaintext,2026-09-21,29155
schminkel-email-thorsten-schminkel-digital,2026-09-21,38925911
schminkel-ente,2026-09-21,2947314545
schminkel-favicon-bucket,2026-09-21,294839
schminkel-lambda-layer,2026-09-21,25113007
schminkel-large-files-569d920a-b271-4e2c-8302-84c28b6c08a7,2026-09-21,1284886381
schminkel-payload-3.0,2026-09-21,62745372
schminkel-payload-demo-3.0,2026-09-21,0
schminkel-payload-digital,2026-09-21,42663578
schminkel-payload-financials,2026-09-21,2764837
schminkel-payload-financials-dev,2026-09-21,2758654
schminkel-payload-financials-local,2026-09-21,2778017
schminkel-payload-lightgallery,2026-09-21,405906771
schminkel-payload-lightgallery-dev,2026-09-21,482610112
schminkel-photo-gallery,2026-09-21,119778256
schminkel-photo-net,2026-09-21,80255909
schminkel-photos,2026-09-21,1766315955
schminkel-public,2026-09-21,2005363
schminkel-test-lambda-bucket,2026-09-21,43293554
schminkel-transcribe-audio-input-bucket,2026-09-21,15754306
schminkel-transcribe-audio-output-bucket,2026-09-21,180355
schminkel-transcription,2026-09-21,4981693
tschminkel-my-nextjs-sst-app-sites3bucket2b2851f3-fpkhlm3c1jp5,2026-09-21,1023336
all,2026-09-21,25081938533
aws-sam-cli-managed-default-samclisourcebucket-4y22qhnbm8zx,2026-09-22,19983504
capgemini-s3,2026-09-22,2183813
cdk-hnb659fds-assets-185822987739-eu-central-1,2026-09-22,36278837
cdk-hnb659fds-assets-185822987739-us-east-1,2026-09-22,86076714
coolify-raspi5-02,2026-09-22,0
coolify-scraper-backup,2026-09-22,6505591
docker-volume-backup-coolify-6,2026-09-22,5580055853
docker-volume-backup-open-webui-raspi2,2026-09-22,3416892089
docker-volume-backup-owncloud-raspi2,2026-09-22,1113852521
docker-volume-backup-paperless-raspi2,2026-09-22,60517918
nextcloud.xtra.tools,2026-09-22,0
prod-nextjs-13-plain-site-sites3bucket2b2851f3-8ys8onxlbw8e,2026-09-22,1100999
prod-nextjs-aws-sst-starter-sites3bucket2b2851f3-io3hik7bjwar,2026-09-22,1002551
schminkel-chatbot-files,2026-09-22,30904152
schminkel-comfyui,2026-09-22,23213253
schminkel-coolify-116.203.89.76,2026-09-22,0
schminkel-coolify-5.75.142.123,2026-09-22,21259489
schminkel-coolify-91.99.8.91,2026-09-22,90427851
schminkel-coolify-94.130.56.167,2026-09-22,304330503
schminkel-de,2026-09-22,2251133528
schminkel-de-2026,2026-09-22,12151665
schminkel-de-backups,2026-09-22,4669335505
schminkel-digital,2026-09-22,19412748
schminkel-dynamodb-exports,2026-09-22,5116
schminkel-email,2026-09-22,504263
schminkel-email-plaintext,2026-09-22,29155
schminkel-email-thorsten-schminkel-digital,2026-09-22,38925911
schminkel-ente,2026-09-22,2947314545
schminkel-favicon-bucket,2026-09-22,294839
schminkel-lambda-layer,2026-09-22,25113007
schminkel-large-files-569d920a-b271-4e2c-8302-84c28b6c08a7,2026-09-22,1284886381
schminkel-payload-3.0,2026-09-22,62745372
schminkel-payload-demo-3.0,2026-09-22,0
schminkel-payload-digital,2026-09-22,42663578
schminkel-payload-financials,2026-09-22,2764837
schminkel-payload-financials-dev,2026-09-22,2758654
schminkel-payload-financials-local,2026-09-22,2778017
schminkel-payload-lightgallery,2026-09-22,405906771
schminkel-payload-lightgallery-dev,2026-09-22,482610112
schminkel-photo-gallery,2026-09-22,119778256
schminkel-photo-net,2026-09-22,80255909
schminkel-photos,2026-09-22,1766315955
schminkel-public,2026-09-22,2005363
schminkel-test-lambda-bucket,2026-09-22,43293554
schminkel-transcribe-audio-input-bucket,2026-09-22,15754306
schminkel-transcribe-audio-output-bucket,2026-09-22,180355
schminkel-transcription,2026-09-22,4981693
tschminkel-my-nextjs-sst-app-sites3bucket2b2851f3-fpkhlm3c1jp5,2026-09-22,1023336
all,2026-09-22,25079508369
aws-sam-cli-managed-default-samclisourcebucket-4y22qhnbm8zx,2026-09-23,19983504
capgemini-s3,2026-09-23,2183813
cdk-hnb659fds-assets-185822987739-eu-central-1,2026-09-23,36278837
cdk-hnb659fds-assets-185822987739-us-east-1,2026-09-23,86076714
coolify-raspi5-02,2026-09-23,0
coolify-scraper-backup,2026-09-23,6505591
docker-volume-backup-coolify-6,2026-09-23,5577924096
docker-volume-backup-open-webui-raspi2,2026-09-23,3416892089
docker-volume-backup-owncloud-raspi2,2026-09-23,1113852521
docker-volume-backup-paperless-raspi2,2026-09-23,60517918
nextcloud.xtra.tools,2026-09-23,0
prod-nextjs-13-plain-site-sites3bucket2b2851f3-8ys8onxlbw8e,2026-09-23,1100999
prod-nextjs-aws-sst-starter-sites3bucket2b2851f3-io3hik7bjwar,2026-09-23,1002551
schminkel-chatbot-files,2026-09-23,30904152
schminkel-comfyui,2026-09-23,23213253
schminkel-coolify-116.203.89.76,2026-09-23,0
schminkel-coolify-5.75.142.123,2026-09-23,21259489
schminkel-coolify-91.99.8.91,2026-09-23,88224002
schminkel-coolify-94.130.56.167,2026-09-23,304330503
schminkel-de,2026-09-23,2251138766
schminkel-de-2026,2026-09-23,12151665
schminkel-de-backups,2026-09-23,4669335505
schminkel-digital,2026-09-23,19412748
schminkel-dynamodb-exports,2026-09-23,5116
schminkel-email,2026-09-23,504263
schminkel-email-plaintext,2026-09-23,29155
schminkel-email-thorsten-schminkel-digital,2026-09-23,38925911
schminkel-ente,2026-09-23,2947314545
schminkel-favicon-bucket,2026-09-23,294839
schminkel-lambda-layer,2026-09-23,25113007
schminkel-large-files-569d920a-b271-4e2c-8302-84c28b6c08a7,2026-09-23,1284886381
schminkel-payload-3.0,2026-09-23,62745372
schminkel-payload-demo-3.0,2026-09-23,0
schminkel-payload-digital,2026-09-23,42663578
schminkel-payload-financials,2026-09-23,2764837
schminkel-payload-financials-dev,2026-09-23,2758654
schminkel-payload-financials-local,2026-09-23,2778017
schminkel-payload-lightgallery,2026-09-23,405906771
schminkel-payload-lightgallery-dev,2026-09-23,482610112
schminkel-photo-gallery,2026-09-23,119778256
schminkel-photo-net,2026-09-23,80255909
schminkel-photos,2026-09-23,1766315955
schminkel-public,2026-09-23,2005363
schminkel-test-lambda-bucket,2026-09-23,43293554
schminkel-transcribe-audio-input-bucket,2026-09-23,15754306
schminkel-transcribe-audio-output-bucket,2026-09-23,180355
schminkel-transcription,2026-09-23,4981693
tschminkel-my-nextjs-sst-app-sites3bucket2b2851f3-fpkhlm3c1jp5,2026-09-23,1023336
all,2026-09-23,25075178001
aws-sam-cli-managed-default-samclisourcebucket-4y22qhnbm8zx,2026-09-24,19983504
capgemini-s3,2026-09-24,2183813
cdk-hnb659fds-assets-185822987739-eu-central-1,2026-09-24,36278837
cdk-hnb659fds-assets-185822987739-us-east-1,2026-09-24,86076714
coolify-raspi5-02,2026-09-24,0
coolify-scraper-backup,2026-09-24,6505591
docker-volume-backup-coolify-6,2026-09-24,5574931093
docker-volume-backup-open-webui-raspi2,2026-09-24,3416892089
docker-volume-backup-owncloud-raspi2,2026-09-24,1113852521
docker-volume-backup-paperless-raspi2,2026-09-24,60517918
nextcloud.xtra.tools,2026-09-24,0
prod-nextjs-13-plain-site-sites3bucket2b2851f3-8ys8onxlbw8e,2026-09-24,1100999
prod-nextjs-aws-sst-starter-sites3bucket2b2851f3-io3hik7bjwar,2026-09-24,1002551
schminkel-chatbot-files,2026-09-24,30904152
schminkel-comfyui,2026-09-24,23213253
schminkel-coolify-116.203.89.76,2026-09-24,0
schminkel-coolify-5.75.142.123,2026-09-24,21259489
schminkel-coolify-91.99.8.91,2026-09-24,85986453
schminkel-coolify-94.130.56.167,2026-09-24,304330503
schminkel-de,2026-09-24,2251136618
schminkel-de-2026,2026-09-24,12151665
schminkel-de-backups,2026-09-24,4669335505
schminkel-digital,2026-09-24,19412748
schminkel-dynamodb-exports,2026-09-24,5116
schminkel-email,2026-09-24,504263
schminkel-email-plaintext,2026-09-24,29155
schminkel-email-thorsten-schminkel-digital,2026-09-24,38925911
schminkel-ente,2026-09-24,2947314545
schminkel-favicon-bucket,2026-09-24,294839
schminkel-lambda-layer,2026-09-24,25113007
schminkel-large-files-569d920a-b271-4e2c-8302-84c28b6c08a7,2026-09-24,1284886381
schminkel-payload-3.0,2026-09-24,62745372
schminkel-payload-demo-3.0,2026-09-24,0
schminkel-payload-digital,2026-09-24,42663578
schminkel-payload-financials,2026-09-24,2764837
schminkel-payload-financials-dev,2026-09-24,2758654
schminkel-payload-financials-local,2026-09-24,2778017
schminkel-payload-lightgallery,2026-09-24,405906771
schminkel-payload-lightgallery-dev,2026-09-24,482610112
schminkel-photo-gallery,2026-09-24,119778256
schminkel-photo-net,2026-09-24,80255909
schminkel-photos,2026-09-24,1766315955
schminkel-public,2026-09-24,2005363
schminkel-test-lambda-bucket,2026-09-24,43293554
schminkel-transcribe-audio-input-bucket,2026-09-24,15754306
schminkel-transcribe-audio-output-bucket,2026-09-24,180355
schminkel-transcription,2026-09-24,4981693
tschminkel-my-nextjs-sst-app-sites3bucket2b2851f3-fpkhlm3c1jp5,2026-09-24,1023336
all,2026-09-24,25069945301
